{
	"credit": "Made with Blockbench",
	"texture_size": [64, 64],
	"textures": {
		"1": "block/engine/chassis",
		"2": "block/engine/cabin",
		"3": "block/engine/boiler",
		"particle": "block/engine/boiler"
	},
	"elements": [
		{
			"from": [-5.05, 0, -11.625],
			"to": [21.05, 4.35, 27.525],
			"rotation": {"angle": 0, "axis": "y", "origin": [-3.6, 0, -2.925]},
			"faces": {
				"north": {"uv": [0.75, 4.25, 3, 4.625], "texture": "#1"},
				"east": {"uv": [0, 3.375, 3.375, 3.75], "texture": "#1"},
				"south": {"uv": [4.375, 4.25, 6.625, 4.625], "texture": "#1"},
				"west": {"uv": [3.375, 3.375, 6.75, 3.75], "texture": "#1"},
				"up": {"uv": [2.25, 3.375, 0, 0], "texture": "#1"},
				"down": {"uv": [4.5, 0, 2.25, 3.375], "texture": "#1"}
			}
		},
		{
			"from": [15.25, 0, -15.975],
			"to": [18.15, 2.9, 31.875],
			"rotation": {"angle": 0, "axis": "y", "origin": [5.1, 0, 7.225]},
			"faces": {
				"north": {"uv": [3, 4.25, 3.25, 4.5], "texture": "#1"},
				"east": {"uv": [0, 3.75, 4.125, 4], "texture": "#1"},
				"south": {"uv": [3.25, 4.25, 3.5, 4.5], "texture": "#1"},
				"west": {"uv": [0, 4, 4.125, 4.25], "texture": "#1"},
				"up": {"uv": [4.375, 7.875, 4.125, 3.75], "texture": "#1"},
				"down": {"uv": [0.25, 4.25, 0, 8.375], "texture": "#1"}
			}
		},
		{
			"from": [-2.15, 0, -15.975],
			"to": [0.75, 2.9, 31.875],
			"rotation": {"angle": 0, "axis": "y", "origin": [10.9, 0, 7.225]},
			"faces": {
				"north": {"uv": [3.5, 4.25, 3.75, 4.5], "texture": "#1"},
				"east": {"uv": [4.375, 3.75, 8.5, 4], "texture": "#1"},
				"south": {"uv": [3.75, 4.25, 4, 4.5], "texture": "#1"},
				"west": {"uv": [4.375, 4, 8.5, 4.25], "texture": "#1"},
				"up": {"uv": [0.5, 8.375, 0.25, 4.25], "texture": "#1"},
				"down": {"uv": [0.75, 4.25, 0.5, 8.375], "texture": "#1"}
			}
		},
		{
			"from": [-5.05, -0.725, -14.525],
			"to": [21.05, 3.625, -13.075],
			"rotation": {"angle": 0, "axis": "y", "origin": [-0.7, -0.725, 7.225]},
			"faces": {
				"north": {"uv": [4.5, 0, 6.75, 0.375], "texture": "#1"},
				"east": {"uv": [4, 4.25, 4.125, 4.625], "texture": "#1"},
				"south": {"uv": [4.5, 0.375, 6.75, 0.75], "texture": "#1"},
				"west": {"uv": [4.5, 2, 4.625, 2.375], "texture": "#1"},
				"up": {"uv": [6.75, 1.625, 4.5, 1.5], "texture": "#1"},
				"down": {"uv": [6.75, 1.625, 4.5, 1.75], "texture": "#1"}
			}
		},
		{
			"from": [-5.05, -0.725, 28.975],
			"to": [21.05, 3.625, 30.425],
			"rotation": {"angle": 0, "axis": "y", "origin": [-0.7, -0.725, 50.725]},
			"faces": {
				"north": {"uv": [4.5, 0.75, 6.75, 1.125], "texture": "#1"},
				"east": {"uv": [4.5, 2.375, 4.625, 2.75], "texture": "#1"},
				"south": {"uv": [4.5, 1.125, 6.75, 1.5], "texture": "#1"},
				"west": {"uv": [4.5, 2.75, 4.625, 3.125], "texture": "#1"},
				"up": {"uv": [6.75, 1.875, 4.5, 1.75], "texture": "#1"},
				"down": {"uv": [6.75, 1.875, 4.5, 2], "texture": "#1"}
			}
		},
		{
			"from": [-2.15, 4.35, -7.275],
			"to": [18.15, 18.85, 11.575],
			"rotation": {"angle": 0, "axis": "z", "origin": [8, 18.125, 3.6]},
			"faces": {
				"north": {"uv": [3.5, 0, 7, 2.5], "texture": "#3"},
				"east": {"uv": [3.5, 5, 6.75, 7.5], "texture": "#3"},
				"south": {"uv": [3.5, 2.5, 7, 5], "texture": "#3"},
				"west": {"uv": [0, 6.5, 3.25, 9], "texture": "#3"},
				"up": {"uv": [3.5, 3.25, 0, 0], "texture": "#3"},
				"down": {"uv": [3.5, 3.25, 0, 6.5], "texture": "#3"}
			}
		},
		{
			"from": [0.75, 4.35, -10.175],
			"to": [15.25, 18.85, -7.275],
			"rotation": {"angle": 0, "axis": "z", "origin": [8, 16.675, -0.75]},
			"faces": {
				"north": {"uv": [3.25, 7.5, 5.75, 10], "texture": "#3"},
				"east": {"uv": [8.25, 8.25, 8.75, 10.75], "texture": "#3"},
				"south": {"uv": [5.75, 8.25, 8.25, 10.75], "texture": "#3"},
				"west": {"uv": [8.75, 8.25, 9.25, 10.75], "texture": "#3"},
				"up": {"uv": [9.5, 4.75, 7, 4.25], "texture": "#3"},
				"down": {"uv": [2.5, 9, 0, 9.5], "texture": "#3"}
			}
		},
		{
			"from": [6.55, 10.15, -11.625],
			"to": [9.45, 13.05, -7.275],
			"rotation": {"angle": 0, "axis": "z", "origin": [8, 16.675, -0.75]},
			"faces": {
				"north": {"uv": [9.5, 4.25, 10, 4.75], "texture": "#3"},
				"east": {"uv": [9.5, 1.5, 10.25, 2], "texture": "#3"},
				"south": {"uv": [10, 4.25, 10.5, 4.75], "texture": "#3"},
				"west": {"uv": [9.5, 2, 10.25, 2.5], "texture": "#3"},
				"up": {"uv": [10, 3.25, 9.5, 2.5], "texture": "#3"},
				"down": {"uv": [2.75, 9.75, 2.25, 10.5], "texture": "#3"}
			}
		},
		{
			"from": [5.825, 9.425, -10.9],
			"to": [10.175, 13.775, -6.55],
			"rotation": {"angle": 0, "axis": "z", "origin": [8, 16.675, -0.025]},
			"faces": {
				"north": {"uv": [5.75, 7.5, 6.5, 8.25], "texture": "#3"},
				"east": {"uv": [2.5, 9, 3.25, 9.75], "texture": "#3"},
				"south": {"uv": [9.25, 7.75, 10, 8.5], "texture": "#3"},
				"west": {"uv": [9.25, 8.5, 10, 9.25], "texture": "#3"},
				"up": {"uv": [10, 10, 9.25, 9.25], "texture": "#3"},
				"down": {"uv": [0.75, 9.5, 0, 10.25], "texture": "#3"}
			}
		},
		{
			"from": [0.75, 18.85, -7.275],
			"to": [15.25, 21.75, 11.575],
			"rotation": {"angle": 0, "axis": "z", "origin": [8, 21.025, 3.6]},
			"faces": {
				"north": {"uv": [9.25, 4.75, 11.75, 5.25], "texture": "#3"},
				"east": {"uv": [7, 3.25, 10.25, 3.75], "texture": "#3"},
				"south": {"uv": [9.25, 5.25, 11.75, 5.75], "texture": "#3"},
				"west": {"uv": [7, 3.75, 10.25, 4.25], "texture": "#3"},
				"up": {"uv": [9.25, 8.25, 6.75, 5], "texture": "#3"},
				"down": {"uv": [9.5, 0, 7, 3.25], "texture": "#3"}
			}
		},
		{
			"from": [6.55, 21.75, -4.375],
			"to": [9.45, 26.1, -1.475],
			"rotation": {"angle": 0, "axis": "z", "origin": [8, 21.025, 0.7]},
			"faces": {
				"north": {"uv": [2.75, 9.75, 3.25, 10.5], "texture": "#3"},
				"east": {"uv": [10, 2.5, 10.5, 3.25], "texture": "#3"},
				"south": {"uv": [3.25, 10, 3.75, 10.75], "texture": "#3"},
				"west": {"uv": [3.75, 10, 4.25, 10.75], "texture": "#3"},
				"up": {"uv": [10.5, 9, 10, 8.5], "texture": "#3"},
				"down": {"uv": [10.5, 9, 10, 9.5], "texture": "#3"}
			}
		},
		{
			"from": [6.55, 20.3, 2.875],
			"to": [9.45, 24.65, 5.775],
			"rotation": {"angle": 0, "axis": "z", "origin": [8, 19.575, 7.95]},
			"faces": {
				"north": {"uv": [4.25, 10, 4.75, 10.75], "texture": "#3"},
				"east": {"uv": [4.75, 10, 5.25, 10.75], "texture": "#3"},
				"south": {"uv": [5.25, 10, 5.75, 10.75], "texture": "#3"},
				"west": {"uv": [10, 7.75, 10.5, 8.5], "texture": "#3"},
				"up": {"uv": [9.75, 10.5, 9.25, 10], "texture": "#3"},
				"down": {"uv": [10.5, 9.5, 10, 10], "texture": "#3"}
			}
		},
		{
			"from": [5.1, 27.55, -5.825],
			"to": [10.9, 29, -0.025],
			"rotation": {"angle": 0, "axis": "z", "origin": [8, 26.825, 0.7]},
			"faces": {
				"north": {"uv": [7, 4.75, 8, 5], "texture": "#3"},
				"east": {"uv": [8, 4.75, 9, 5], "texture": "#3"},
				"south": {"uv": [9.75, 10, 10.75, 10.25], "texture": "#3"},
				"west": {"uv": [0, 10.25, 1, 10.5], "texture": "#3"},
				"up": {"uv": [10.25, 6.75, 9.25, 5.75], "texture": "#3"},
				"down": {"uv": [10.25, 6.75, 9.25, 7.75], "texture": "#3"}
			}
		},
		{
			"from": [5.825, 26.1, -5.1],
			"to": [10.175, 27.55, -0.75],
			"rotation": {"angle": 0, "axis": "z", "origin": [8.725, 25.375, 1.425]},
			"faces": {
				"north": {"uv": [10.25, 0, 11, 0.25], "texture": "#3"},
				"east": {"uv": [10.25, 0.25, 11, 0.5], "texture": "#3"},
				"south": {"uv": [10.25, 0.5, 11, 0.75], "texture": "#3"},
				"west": {"uv": [10.25, 0.75, 11, 1], "texture": "#3"},
				"up": {"uv": [10.25, 0.75, 9.5, 0], "texture": "#3"},
				"down": {"uv": [1.5, 9.5, 0.75, 10.25], "texture": "#3"}
			}
		},
		{
			"from": [5.825, 29, -5.1],
			"to": [10.175, 30.45, -0.75],
			"rotation": {"angle": 0, "axis": "z", "origin": [8.725, 28.275, 1.425]},
			"faces": {
				"north": {"uv": [1, 10.25, 1.75, 10.5], "texture": "#3"},
				"east": {"uv": [10.25, 1, 11, 1.25], "texture": "#3"},
				"south": {"uv": [10.25, 1.25, 11, 1.5], "texture": "#3"},
				"west": {"uv": [10.25, 1.5, 11, 1.75], "texture": "#3"},
				"up": {"uv": [10.25, 1.5, 9.5, 0.75], "texture": "#3"},
				"down": {"uv": [2.25, 9.5, 1.5, 10.25], "texture": "#3"}
			}
		},
		{
			"from": [16.7, 27.55, 11.575],
			"to": [19.6, 30.45, 26.075],
			"rotation": {"angle": 0, "axis": "y", "origin": [16.7, 27.55, 11.575]},
			"faces": {
				"north": {"uv": [10.25, 5, 10.75, 5.5], "texture": "#2"},
				"east": {"uv": [7, 4.5, 9.5, 5], "texture": "#2"},
				"south": {"uv": [10.5, 2.25, 11, 2.75], "texture": "#2"},
				"west": {"uv": [7, 5, 9.5, 5.5], "texture": "#2"},
				"up": {"uv": [7.5, 8, 7, 5.5], "texture": "#2"},
				"down": {"uv": [8, 5.5, 7.5, 8], "texture": "#2"}
			}
		},
		{
			"from": [-3.6, 4.35, 11.575],
			"to": [-0.7, 21.75, 26.075],
			"rotation": {"angle": 0, "axis": "y", "origin": [-0.7, 15.95, 11.575]},
			"faces": {
				"north": {"uv": [2.5, 6.5, 3, 9.5], "texture": "#2"},
				"east": {"uv": [4.5, 0, 7, 3], "texture": "#2"},
				"south": {"uv": [3, 6.5, 3.5, 9.5], "texture": "#2"},
				"west": {"uv": [4.5, 3, 7, 6], "texture": "#2"},
				"up": {"uv": [8.5, 8, 8, 5.5], "texture": "#2"},
				"down": {"uv": [7.5, 8, 7, 10.5], "texture": "#2"}
			}
		},
		{
			"from": [-3.6, 27.55, 11.575],
			"to": [-0.7, 30.45, 26.075],
			"rotation": {"angle": 0, "axis": "y", "origin": [-0.7, 27.55, 11.575]},
			"faces": {
				"north": {"uv": [2.75, 10.5, 3.25, 11], "texture": "#2"},
				"east": {"uv": [7.5, 8, 10, 8.5], "texture": "#2"},
				"south": {"uv": [10.5, 2.75, 11, 3.25], "texture": "#2"},
				"west": {"uv": [8.5, 5.5, 11, 6], "texture": "#2"},
				"up": {"uv": [8, 11, 7.5, 8.5], "texture": "#2"},
				"down": {"uv": [8.5, 8.5, 8, 11], "texture": "#2"}
			}
		},
		{
			"from": [-3.6, 21.75, 11.575],
			"to": [-0.7, 27.55, 14.475],
			"rotation": {"angle": 0, "axis": "y", "origin": [-3.6, 21.75, 11.575]},
			"faces": {
				"north": {"uv": [9, 8.5, 9.5, 9.5], "texture": "#2"},
				"east": {"uv": [0, 9.5, 0.5, 10.5], "texture": "#2"},
				"south": {"uv": [0.5, 9.5, 1, 10.5], "texture": "#2"},
				"west": {"uv": [1, 9.5, 1.5, 10.5], "texture": "#2"},
				"up": {"uv": [3.75, 11, 3.25, 10.5], "texture": "#2"},
				"down": {"uv": [11, 3.25, 10.5, 3.75], "texture": "#2"}
			}
		},
		{
			"from": [-3.6, 21.75, 23.175],
			"to": [-0.7, 27.55, 26.075],
			"rotation": {"angle": 0, "axis": "y", "origin": [-3.6, 21.75, 23.175]},
			"faces": {
				"north": {"uv": [1.5, 9.5, 2, 10.5], "texture": "#2"},
				"east": {"uv": [2, 9.5, 2.5, 10.5], "texture": "#2"},
				"south": {"uv": [2.5, 9.5, 3, 10.5], "texture": "#2"},
				"west": {"uv": [3, 9.5, 3.5, 10.5], "texture": "#2"},
				"up": {"uv": [4.25, 11, 3.75, 10.5], "texture": "#2"},
				"down": {"uv": [11, 3.75, 10.5, 4.25], "texture": "#2"}
			}
		},
		{
			"from": [16.7, 21.75, 23.175],
			"to": [19.6, 27.55, 26.075],
			"rotation": {"angle": 0, "axis": "y", "origin": [19.6, 21.75, 23.175]},
			"faces": {
				"north": {"uv": [3.5, 9.5, 4, 10.5], "texture": "#2"},
				"east": {"uv": [4, 9.5, 4.5, 10.5], "texture": "#2"},
				"south": {"uv": [9.5, 4.5, 10, 5.5], "texture": "#2"},
				"west": {"uv": [9.5, 8.5, 10, 9.5], "texture": "#2"},
				"up": {"uv": [11, 4.75, 10.5, 4.25], "texture": "#2"},
				"down": {"uv": [5.5, 10.5, 5, 11], "texture": "#2"}
			}
		},
		{
			"from": [16.7, 21.75, 11.575],
			"to": [19.6, 27.55, 14.475],
			"rotation": {"angle": 0, "axis": "y", "origin": [19.6, 21.75, 11.575]},
			"faces": {
				"north": {"uv": [9, 9.5, 9.5, 10.5], "texture": "#2"},
				"east": {"uv": [9.5, 9.5, 10, 10.5], "texture": "#2"},
				"south": {"uv": [10, 0, 10.5, 1], "texture": "#2"},
				"west": {"uv": [10, 1, 10.5, 2], "texture": "#2"},
				"up": {"uv": [6, 11, 5.5, 10.5], "texture": "#2"},
				"down": {"uv": [6.5, 10.5, 6, 11], "texture": "#2"}
			}
		},
		{
			"from": [16.7, 4.35, 11.575],
			"to": [19.6, 21.75, 26.075],
			"rotation": {"angle": 0, "axis": "y", "origin": [16.7, 15.95, 11.575]},
			"faces": {
				"north": {"uv": [3.5, 6.5, 4, 9.5], "texture": "#2"},
				"east": {"uv": [4.5, 6, 7, 9], "texture": "#2"},
				"south": {"uv": [4, 6.5, 4.5, 9.5], "texture": "#2"},
				"west": {"uv": [0, 6.5, 2.5, 9.5], "texture": "#2"},
				"up": {"uv": [9, 11, 8.5, 8.5], "texture": "#2"},
				"down": {"uv": [5, 9, 4.5, 11.5], "texture": "#2"}
			}
		},
		{
			"from": [12.35, 11.6, 11.575],
			"to": [13.8, 13.05, 13.025],
			"rotation": {"angle": 0, "axis": "y", "origin": [10.9, 7.25, 11.575]},
			"faces": {
				"north": {"uv": [10.5, 9.75, 10.75, 10], "texture": "#2"},
				"east": {"uv": [10.5, 10, 10.75, 10.25], "texture": "#2"},
				"south": {"uv": [10.5, 10.25, 10.75, 10.5], "texture": "#2"},
				"west": {"uv": [10.5, 10.5, 10.75, 10.75], "texture": "#2"},
				"up": {"uv": [11, 0.25, 10.75, 0], "texture": "#2"},
				"down": {"uv": [11, 0.25, 10.75, 0.5], "texture": "#2"}
			}
		},
		{
			"from": [13.8, 4.35, 11.575],
			"to": [16.7, 13.05, 13.025],
			"rotation": {"angle": 0, "axis": "y", "origin": [13.8, 7.25, 11.575]},
			"faces": {
				"north": {"uv": [5, 9, 5.5, 10.5], "texture": "#2"},
				"east": {"uv": [10, 8, 10.25, 9.5], "texture": "#2"},
				"south": {"uv": [5.5, 9, 6, 10.5], "texture": "#2"},
				"west": {"uv": [10, 9.5, 10.25, 11], "texture": "#2"},
				"up": {"uv": [11, 5, 10.5, 4.75], "texture": "#2"},
				"down": {"uv": [11, 8, 10.5, 8.25], "texture": "#2"}
			}
		},
		{
			"from": [10.9, 4.35, 11.575],
			"to": [12.35, 13.05, 13.025],
			"rotation": {"angle": 0, "axis": "y", "origin": [9.45, 7.25, 11.575]},
			"faces": {
				"north": {"uv": [10.25, 2, 10.5, 3.5], "texture": "#2"},
				"east": {"uv": [10.25, 3.5, 10.5, 5], "texture": "#2"},
				"south": {"uv": [10.25, 8, 10.5, 9.5], "texture": "#2"},
				"west": {"uv": [10.25, 9.5, 10.5, 11], "texture": "#2"},
				"up": {"uv": [11, 0.75, 10.75, 0.5], "texture": "#2"},
				"down": {"uv": [11, 0.75, 10.75, 1], "texture": "#2"}
			}
		},
		{
			"from": [-0.7, 13.05, 11.575],
			"to": [16.7, 23.2, 13.025],
			"rotation": {"angle": 0, "axis": "y", "origin": [2.2, 15.95, 11.575]},
			"faces": {
				"north": {"uv": [7, 0, 10, 1.75], "texture": "#2"},
				"east": {"uv": [10, 2, 10.25, 3.75], "texture": "#2"},
				"south": {"uv": [7, 1.75, 10, 3.5], "texture": "#2"},
				"west": {"uv": [10, 3.75, 10.25, 5.5], "texture": "#2"},
				"up": {"uv": [11.5, 7.25, 8.5, 7], "texture": "#2"},
				"down": {"uv": [11.5, 7.25, 8.5, 7.5], "texture": "#2"}
			}
		},
		{
			"from": [-0.7, 4.35, 11.575],
			"to": [2.2, 13.05, 13.025],
			"rotation": {"angle": 0, "axis": "y", "origin": [2.2, 7.25, 11.575]},
			"faces": {
				"north": {"uv": [6, 9, 6.5, 10.5], "texture": "#2"},
				"east": {"uv": [0, 10.5, 0.25, 12], "texture": "#2"},
				"south": {"uv": [6.5, 9, 7, 10.5], "texture": "#2"},
				"west": {"uv": [10.5, 0, 10.75, 1.5], "texture": "#2"},
				"up": {"uv": [11, 8.5, 10.5, 8.25], "texture": "#2"},
				"down": {"uv": [11, 8.5, 10.5, 8.75], "texture": "#2"}
			}
		},
		{
			"from": [3.65, 4.35, 11.575],
			"to": [5.1, 13.05, 13.025],
			"rotation": {"angle": 0, "axis": "y", "origin": [6.55, 7.25, 11.575]},
			"faces": {
				"north": {"uv": [0.25, 10.5, 0.5, 12], "texture": "#2"},
				"east": {"uv": [0.5, 10.5, 0.75, 12], "texture": "#2"},
				"south": {"uv": [0.75, 10.5, 1, 12], "texture": "#2"},
				"west": {"uv": [1, 10.5, 1.25, 12], "texture": "#2"},
				"up": {"uv": [11, 1.25, 10.75, 1], "texture": "#2"},
				"down": {"uv": [11, 1.25, 10.75, 1.5], "texture": "#2"}
			}
		},
		{
			"from": [2.2, 11.6, 11.575],
			"to": [3.65, 13.05, 13.025],
			"rotation": {"angle": 0, "axis": "y", "origin": [5.1, 7.25, 11.575]},
			"faces": {
				"north": {"uv": [10.75, 5, 11, 5.25], "texture": "#2"},
				"east": {"uv": [10.75, 5.25, 11, 5.5], "texture": "#2"},
				"south": {"uv": [10.75, 8.75, 11, 9], "texture": "#2"},
				"west": {"uv": [9, 10.75, 9.25, 11], "texture": "#2"},
				"up": {"uv": [11, 9.25, 10.75, 9], "texture": "#2"},
				"down": {"uv": [9.5, 10.75, 9.25, 11], "texture": "#2"}
			}
		},
		{
			"from": [-0.7, 27.55, 11.575],
			"to": [16.7, 30.45, 13.025],
			"rotation": {"angle": 0, "axis": "y", "origin": [2.2, 23.2, 11.575]},
			"faces": {
				"north": {"uv": [7, 3.5, 10, 4], "texture": "#2"},
				"east": {"uv": [7.25, 10.5, 7.5, 11], "texture": "#2"},
				"south": {"uv": [7, 4, 10, 4.5], "texture": "#2"},
				"west": {"uv": [10.5, 8.75, 10.75, 9.25], "texture": "#2"},
				"up": {"uv": [11.5, 7.75, 8.5, 7.5], "texture": "#2"},
				"down": {"uv": [11.5, 7.75, 8.5, 8], "texture": "#2"}
			}
		},
		{
			"from": [-5.05, 30.45, 8.675],
			"to": [21.05, 31.9, 27.525],
			"rotation": {"angle": 0, "axis": "y", "origin": [2.2, 26.1, 11.575]},
			"faces": {
				"north": {"uv": [8.5, 6, 13, 6.25], "texture": "#2"},
				"east": {"uv": [8.5, 6.5, 11.75, 6.75], "texture": "#2"},
				"south": {"uv": [8.5, 6.25, 13, 6.5], "texture": "#2"},
				"west": {"uv": [8.5, 6.75, 11.75, 7], "texture": "#2"},
				"up": {"uv": [4.5, 3.25, 0, 0], "texture": "#2"},
				"down": {"uv": [4.5, 3.25, 0, 6.5], "texture": "#2"}
			}
		},
		{
			"from": [10.9, 23.2, 11.575],
			"to": [13.8, 27.55, 13.025],
			"rotation": {"angle": 0, "axis": "y", "origin": [6.55, 20.3, 11.575]},
			"faces": {
				"north": {"uv": [1.25, 10.5, 1.75, 11.25], "texture": "#2"},
				"east": {"uv": [4.25, 10.5, 4.5, 11.25], "texture": "#2"},
				"south": {"uv": [10.5, 1.5, 11, 2.25], "texture": "#2"},
				"west": {"uv": [6.5, 10.5, 6.75, 11.25], "texture": "#2"},
				"up": {"uv": [9.5, 10.75, 9, 10.5], "texture": "#2"},
				"down": {"uv": [11, 9.25, 10.5, 9.5], "texture": "#2"}
			}
		},
		{
			"from": [2.2, 23.2, 11.575],
			"to": [5.1, 27.55, 13.025],
			"rotation": {"angle": 0, "axis": "y", "origin": [9.45, 20.3, 11.575]},
			"faces": {
				"north": {"uv": [1.75, 10.5, 2.25, 11.25], "texture": "#2"},
				"east": {"uv": [6.75, 10.5, 7, 11.25], "texture": "#2"},
				"south": {"uv": [2.25, 10.5, 2.75, 11.25], "texture": "#2"},
				"west": {"uv": [7, 10.5, 7.25, 11.25], "texture": "#2"},
				"up": {"uv": [10, 10.75, 9.5, 10.5], "texture": "#2"},
				"down": {"uv": [11, 9.5, 10.5, 9.75], "texture": "#2"}
			}
		}
	],
	"groups": [
		{
			"name": "chassis",
			"origin": [0, 0, 0],
			"color": 0,
			"nbt": "{}",
			"children": [0, 1, 2, 3, 4]
		},
		{
			"name": "boiler",
			"origin": [8.68611, 7.96298, 4.5],
			"color": 0,
			"nbt": "{}",
			"children": [5, 6, 7, 8, 9, 10, 11, 12, 13, 14]
		},
		{
			"name": "cabin",
			"origin": [9, 13, 10],
			"color": 0,
			"nbt": "{}",
			"children": [15, 16, 17, 18, 19, 20, 21, 22, 23, 24, 25, 26, 27, 28, 29, 30, 31, 32, 33]
		}
	]
}