{
  "credit": "Created with Blockbench [Exported as resourcepack with the \"resourcepack_packager\" plugin]",
  "texture_size": [32, 32],
  "textures": {
    "1": "block/custom/loader/texture",
    "2": "block/custom/loader/core",
    "particle": "block/custom/loader/core"
  },
  "elements": [
    {
      "from": [4, 4, 4],
      "to": [12, 12, 12],
      "faces": {
        "north": { "uv": [0, 0, 16, 16], "texture": "#1" },
        "east": { "uv": [0, 0, 16, 16], "texture": "#1" },
        "south": { "uv": [0, 0, 16, 16], "texture": "#1" },
        "west": { "uv": [0, 0, 16, 16], "texture": "#1" },
        "up": { "uv": [16, 16, 0, 0], "texture": "#1" },
        "down": { "uv": [16, 0, 0, 16], "texture": "#1" }
      }
    },
    {
      "name": "core",
      "from": [6, 6, 6],
      "to": [10, 10, 10],
      "faces": {
        "north": { "uv": [0, 0, 16, 16], "texture": "#2" },
        "east": { "uv": [0, 0, 16, 16], "texture": "#2" },
        "south": { "uv": [0, 0, 16, 16], "texture": "#2" },
        "west": { "uv": [0, 0, 16, 16], "texture": "#2" },
        "up": { "uv": [0, 0, 16, 16], "texture": "#2" },
        "down": { "uv": [0, 0, 16, 16], "texture": "#2" }
      }
    },
    {
      "name": "core",
      "from": [6, 6, 6],
      "to": [10, 10, 10],
      "rotation": { "angle": 45, "axis": "x", "origin": [8, 8, 8] },
      "faces": {
        "north": { "uv": [0, 0, 16, 16], "texture": "#2" },
        "east": { "uv": [0, 0, 16, 16], "texture": "#2" },
        "south": { "uv": [0, 0, 16, 16], "texture": "#2" },
        "west": { "uv": [0, 0, 16, 16], "texture": "#2" },
        "up": { "uv": [0, 0, 16, 16], "texture": "#2" },
        "down": { "uv": [0, 0, 16, 16], "texture": "#2" }
      }
    },
    {
      "name": "core",
      "from": [6, 6, 6],
      "to": [10, 10, 10],
      "rotation": { "angle": 45, "axis": "y", "origin": [8, 8, 8] },
      "faces": {
        "north": { "uv": [0, 0, 16, 16], "texture": "#2" },
        "east": { "uv": [0, 0, 16, 16], "texture": "#2" },
        "south": { "uv": [0, 0, 16, 16], "texture": "#2" },
        "west": { "uv": [0, 0, 16, 16], "texture": "#2" },
        "up": { "uv": [0, 0, 16, 16], "texture": "#2" },
        "down": { "uv": [0, 0, 16, 16], "texture": "#2" }
      }
    },
    {
      "name": "core",
      "from": [6, 6, 6],
      "to": [10, 10, 10],
      "rotation": { "angle": 45, "axis": "z", "origin": [8, 8, 8] },
      "faces": {
        "north": { "uv": [0, 0, 16, 16], "texture": "#2" },
        "east": { "uv": [0, 0, 16, 16], "texture": "#2" },
        "south": { "uv": [0, 0, 16, 16], "texture": "#2" },
        "west": { "uv": [0, 0, 16, 16], "texture": "#2" },
        "up": { "uv": [0, 0, 16, 16], "texture": "#2" },
        "down": { "uv": [0, 0, 16, 16], "texture": "#2" }
      }
    }
  ]
}
