{
  "credit": "Made with Blockbench",
  "texture_size": [64, 64],
  "textures": {
    "3": "block/custom/placer",
    "particle": "block/custom/placer"
  },
  "elements": [
    {
      "from": [0, -0.36026, 0.2428],
      "to": [16, 2.83974, 16.2428],
      "rotation": { "angle": 0, "axis": "y", "origin": [8, 13.93376, 2.26201] },
      "faces": {
        "north": { "uv": [7.5, 8, 11.5, 8.75], "texture": "#3" },
        "east": { "uv": [8.75, 0, 12.75, 0.75], "texture": "#3" },
        "south": { "uv": [8.75, 0.75, 12.75, 1.5], "texture": "#3" },
        "west": { "uv": [8.75, 1.5, 12.75, 2.25], "texture": "#3" },
        "up": { "uv": [4, 4, 0, 0], "texture": "#3" },
        "down": { "uv": [4, 4, 0, 8], "texture": "#3" }
      }
    },
    {
      "from": [4.8, 9.18679, 13.20434],
      "to": [11.2, 25.18679, 18.00434],
      "rotation": {
        "angle": 45,
        "axis": "x",
        "origin": [8, 13.93376, 2.26201]
      },
      "faces": {
        "north": { "uv": [4, 6.5, 5.625, 10.5], "texture": "#3" },
        "east": { "uv": [7.5, 0, 8.75, 4], "texture": "#3" },
        "south": { "uv": [5.75, 6.5, 7.375, 10.5], "texture": "#3" },
        "west": { "uv": [7.5, 4, 8.75, 8], "texture": "#3" },
        "up": { "uv": [10.875, 10, 9.25, 8.75], "texture": "#3" },
        "down": { "uv": [11.125, 2.25, 9.5, 3.5], "texture": "#3" }
      }
    },
    {
      "from": [4.8, -1.53406, 13.35423],
      "to": [11.2, 24.06594, 16.55423],
      "rotation": {
        "angle": -45,
        "axis": "x",
        "origin": [8, 13.93376, 2.26201]
      },
      "faces": {
        "north": { "uv": [4, 0, 5.625, 6.375], "texture": "#3" },
        "east": { "uv": [0, 8, 0.75, 14.375], "texture": "#3" },
        "south": { "uv": [5.75, 0, 7.375, 6.375], "texture": "#3" },
        "west": { "uv": [0.75, 8, 1.5, 14.375], "texture": "#3" },
        "up": { "uv": [12.125, 7.5, 10.5, 6.75], "texture": "#3" },
        "down": { "uv": [12.375, 10, 10.75, 10.75], "texture": "#3" }
      }
    },
    {
      "from": [6.4, 6.03974, 11.4428],
      "to": [9.6, 15.63974, 14.6428],
      "rotation": { "angle": 0, "axis": "x", "origin": [8, 13.93376, 2.26201] },
      "faces": {
        "north": { "uv": [9.5, 3.5, 10.25, 5.875], "texture": "#3" },
        "east": { "uv": [9.25, 10, 10, 12.375], "texture": "#3" },
        "south": { "uv": [10, 10, 10.75, 12.375], "texture": "#3" },
        "west": { "uv": [10.25, 3.5, 11, 5.875], "texture": "#3" },
        "up": { "uv": [11.75, 5.5, 11, 4.75], "texture": "#3" },
        "down": { "uv": [12, 2.25, 11.25, 3], "texture": "#3" }
      }
    },
    {
      "from": [7.2, 24.74834, -5.27987],
      "to": [8.8, 26.34834, 1.12013],
      "rotation": {
        "angle": 22.5,
        "axis": "x",
        "origin": [8, 13.93376, 2.26201]
      },
      "faces": {
        "north": { "uv": [11, 5.5, 11.375, 5.875], "texture": "#3" },
        "east": { "uv": [10.5, 7.5, 12.125, 7.875], "texture": "#3" },
        "south": { "uv": [11, 8.75, 11.375, 9.125], "texture": "#3" },
        "west": { "uv": [11, 4.25, 12.625, 4.625], "texture": "#3" },
        "up": { "uv": [6.125, 12.875, 5.75, 11.25], "texture": "#3" },
        "down": { "uv": [11.875, 8, 11.5, 9.625], "texture": "#3" }
      }
    },
    {
      "from": [6.4, 23.94834, -2.07987],
      "to": [9.6, 27.14834, 7.52013],
      "rotation": {
        "angle": 22.5,
        "axis": "x",
        "origin": [8, 13.93376, 2.26201]
      },
      "faces": {
        "north": { "uv": [10.75, 11.5, 11.5, 12.25], "texture": "#3" },
        "east": { "uv": [3.75, 10.5, 6.125, 11.25], "texture": "#3" },
        "south": { "uv": [11.5, 11.5, 12.25, 12.25], "texture": "#3" },
        "west": { "uv": [10.5, 6, 12.875, 6.75], "texture": "#3" },
        "up": { "uv": [7, 12.875, 6.25, 10.5], "texture": "#3" },
        "down": { "uv": [7.75, 10.5, 7, 12.875], "texture": "#3" }
      }
    },
    {
      "from": [6.4, 12.2121, -11.0117],
      "to": [9.6, 28.2121, -7.8117],
      "rotation": {
        "angle": 45,
        "axis": "x",
        "origin": [8, 13.93376, 2.26201]
      },
      "faces": {
        "north": { "uv": [1.5, 8, 2.25, 12], "texture": "#3" },
        "east": { "uv": [2.25, 8, 3, 12], "texture": "#3" },
        "south": { "uv": [3, 8, 3.75, 12], "texture": "#3" },
        "west": { "uv": [8.75, 2.25, 9.5, 6.25], "texture": "#3" },
        "up": { "uv": [12.5, 5.5, 11.75, 4.75], "texture": "#3" },
        "down": { "uv": [2.25, 12, 1.5, 12.75], "texture": "#3" }
      }
    },
    {
      "from": [4.8, 5.8121, -11.0117],
      "to": [11.2, 12.2121, -7.8117],
      "rotation": {
        "angle": 45,
        "axis": "x",
        "origin": [8, 13.93376, 2.26201]
      },
      "faces": {
        "north": { "uv": [8.75, 6.25, 10.375, 7.875], "texture": "#3" },
        "east": { "uv": [7.75, 10.5, 8.5, 12.125], "texture": "#3" },
        "south": { "uv": [7.5, 8.75, 9.125, 10.375], "texture": "#3" },
        "west": { "uv": [8.5, 10.5, 9.25, 12.125], "texture": "#3" },
        "up": { "uv": [12.375, 11.5, 10.75, 10.75], "texture": "#3" },
        "down": { "uv": [12.625, 3.5, 11, 4.25], "texture": "#3" }
      }
    },
    {
      "from": [7.2, 12.43974, 12.2428],
      "to": [8.8, 22.03974, 13.8428],
      "rotation": { "angle": 0, "axis": "y", "origin": [8, 13.93376, 2.26201] },
      "faces": {
        "north": { "uv": [3.75, 11.25, 4.125, 13.625], "texture": "#3" },
        "east": { "uv": [4.25, 11.25, 4.625, 13.625], "texture": "#3" },
        "south": { "uv": [4.75, 11.25, 5.125, 13.625], "texture": "#3" },
        "west": { "uv": [5.25, 11.25, 5.625, 13.625], "texture": "#3" },
        "up": { "uv": [11.375, 9.625, 11, 9.25], "texture": "#3" },
        "down": { "uv": [11.625, 3, 11.25, 3.375], "texture": "#3" }
      }
    }
  ],
  "display": {
    "gui": {
      "rotation": [24, 132, 0],
      "translation": [0, -0.5, 0],
      "scale": [0.7, 0.7, 0.7]
    },
    "head": {
      "translation": [0, 14.25, 0]
    }
  },
  "groups": [
    {
      "name": "group",
      "origin": [8, 8.93376, 4.26201],
      "color": 0,
      "nbt": "{}",
      "children": [0, 1, 2, 3, 4, 5, 6, 7, 8]
    }
  ]
}
